{
  "epochs": [
    0,
    500,
    1000,
    1500,
    2000,
    2500,
    3000,
    3500,
    4000,
    4500,
    5000,
    5500,
    6000,
    6500,
    7000,
    7500,
    8000,
    8500,
    9000,
    9500
  ],
  "train_loss": [
    0.09795359859708697,
    8.919368184479026e-06,
    1.1584482649595884e-05,
    1.0186441329551599e-05,
    5.764326154178434e-06,
    4.768965515822288e-06,
    7.034893442892098e-06,
    1.1789505123260824e-05,
    1.140567454527286e-05,
    1.2001136934003398e-05,
    1.1732847681855674e-05,
    1.1990268234285395e-05,
    1.1916900177766365e-05,
    1.183064625820407e-05,
    1.1943318838802952e-05,
    1.190994419175695e-05,
    2.87271555521329e-05,
    9.306998080660378e-06,
    1.1868678228665885e-05,
    1.179613103374777e-05
  ],
  "val_loss": [
    0.021855850238353014,
    7.965845725266263e-06,
    1.0114039923792006e-05,
    3.425405225243594e-06,
    5.271254508443235e-06,
    7.194226327555953e-06,
    8.766319524511346e-06,
    1.178555839942419e-05,
    1.1328690334266867e-05,
    1.1956739854213083e-05,
    1.1999994967482053e-05,
    1.1999977004961693e-05,
    1.1980839417446987e-05,
    1.1814038543889183e-05,
    1.1722529507096624e-05,
    1.1999274647678249e-05,
    1.0812383834490902e-05,
    9.10183302949008e-06,
    1.1963433962591807e-05,
    1.199999314849265e-05
  ]
}