{
  "stage": "baseline",
  "epochs_trained": 10000,
  "time_seconds": 10211.909270524979,
  "time_minutes": 170.19848784208298,
  "time_hours": 2.836641464034716
}