{
  "epochs": [
    0,
    200,
    400,
    600,
    800,
    1000,
    1200,
    1400,
    1600,
    1800
  ],
  "train_loss": [
    0.0018240810114846795,
    5.051470431283178e-06,
    1.1868240591184076e-05,
    7.913381537605346e-06,
    3.648599623318205e-06,
    1.036313768132402e-06,
    1.1350234302653917e-05,
    1.0898740242737404e-05,
    1.1869957802446152e-05,
    9.244144038689228e-06
  ],
  "val_loss": [
    5.616110865958035e-05,
    1.3854804308266466e-06,
    1.112018230742251e-05,
    4.340875022990076e-06,
    2.195383672187745e-06,
    5.441764550084827e-07,
    1.078722834790824e-05,
    1.0126698271051282e-05,
    1.1448607892816653e-05,
    6.922592547198292e-06
  ]
}