{
  "stage": "reaction",
  "epochs_trained": 5000,
  "time_seconds": 4588.375161409378,
  "time_minutes": 76.47291935682297,
  "time_hours": 1.2745486559470494
}