{
  "epochs": [
    0,
    500,
    1000,
    1500,
    2000,
    2500,
    3000,
    3500,
    4000,
    4500
  ],
  "train_loss": [
    9.53986167360199e-05,
    1.34124449768791e-06,
    2.2497634040163916e-06,
    4.8165939219302345e-06,
    1.15892097873882e-06,
    1.4132469594585473e-06,
    8.232418906573002e-07,
    3.265084114190131e-07,
    4.787265275751906e-06,
    7.119559812807097e-07
  ],
  "val_loss": [
    2.0368885884636256e-06,
    2.725145442639132e-07,
    1.9162215991741505e-07,
    6.098507014939969e-07,
    1.962001388022827e-07,
    1.9270417617178737e-07,
    3.8972394378333775e-07,
    3.531318366611913e-07,
    6.086166592922382e-07,
    1.9207617096839158e-07
  ]
}