{
  "Overall": {
    "R2": 0.47082453966140747,
    "RMSE": 0.0014396714355481388,
    "Rel_Error": 412.98162841796875
  },
  "PerSpecies": {
    "NO3": {
      "R2": 0.9429624676704407,
      "RMSE": 0.09986317781368026,
      "RelError": 67337.203125
    },
    "DOC": {
      "R2": 0.0,
      "RMSE": 0.06827719380663272,
      "RelError": 41753.5546875
    },
    "Fe2+": {
      "R2": 0.0,
      "RMSE": 0.00011024051869484924,
      "RelError": 9.640398639021441e-05
    },
    "N2": {
      "R2": 0.9403339624404907,
      "RMSE": 0.10213829012007164,
      "RelError": 0.001676853746175766
    }
  }
}