{
  "Overall": {
    "R2": -0.5040823221206665,
    "RMSE": 0.0088901677322821,
    "Rel_Error": 4835.8720703125
  },
  "PerSpecies": {
    "NO3": {
      "R2": -1.3571710586547852,
      "RMSE": 0.641978555180039,
      "RelError": 617175.9375
    },
    "DOC": {
      "R2": 0.0,
      "RMSE": 1.1625855568196515,
      "RelError": 1161993.75
    },
    "Fe2+": {
      "R2": 0.0,
      "RMSE": 0.0012063917435042263,
      "RelError": 0.0011899671517312527
    },
    "N2": {
      "R2": -0.6591951847076416,
      "RMSE": 0.5386092450397744,
      "RelError": 0.010666102170944214
    }
  }
}