{
  "Overall": {
    "R2": 0.4026438593864441,
    "RMSE": 0.0027662847066298167,
    "Rel_Error": 1081.0760498046875
  },
  "PerSpecies": {
    "NO3": {
      "R2": 0.8006333708763123,
      "RMSE": 0.1867029614337291,
      "RelError": 117450.78125
    },
    "DOC": {
      "R2": 0.0,
      "RMSE": 0.3627306755053087,
      "RelError": 359569.53125
    },
    "Fe2+": {
      "R2": 0.0,
      "RMSE": 0.00029043826027957156,
      "RelError": 0.00017746200319379568
    },
    "N2": {
      "R2": 0.8099391460418701,
      "RMSE": 0.18229360011755708,
      "RelError": 0.0023635386023670435
    }
  }
}