{
  "stage": "transport",
  "epochs_trained": 1500,
  "time_seconds": 1542.1118099689484,
  "time_minutes": 25.701863499482474,
  "time_hours": 0.4283643916580412
}