{
  "epochs": [
    0,
    500,
    1000,
    1500,
    2000,
    2500,
    3000,
    3500,
    3500,
    4000,
    4500
  ],
  "train_loss": [
    0.1285506965359673,
    1.1280864001150803e-05,
    1.0216724732003968e-05,
    4.038512471993272e-06,
    2.9851952447756958e-06,
    1.0333372628679172e-05,
    3.5614803515215954e-06,
    4.416925900585511e-06,
    2.5399147531857125e-06,
    1.8527437628534926e-06,
    2.4163232410501223e-06
  ],
  "val_loss": [
    0.03912987653166056,
    6.102547558839433e-06,
    3.905911398760509e-06,
    1.3177114510654064e-06,
    1.622783400989647e-06,
    5.949149340267468e-06,
    2.663551697423827e-06,
    2.549474004354124e-06,
    9.793451312134493e-07,
    4.5587810859615274e-06,
    1.0927602147603466e-06
  ]
}