{
  "epochs": [
    0,
    500,
    1000,
    1500,
    2000,
    2500,
    3000,
    3500,
    4000,
    4500
  ],
  "train_loss": [
    20271.24383544922,
    0.007868216503993608,
    0.006964087431697408,
    5.756892190333929e-05,
    0.00427585597617508,
    0.0010269373502751478,
    0.00021774350136638532,
    0.004032911963747665,
    5.086795457032167e-05,
    0.00014028702364043966
  ],
  "val_loss": [
    19627.552734375,
    0.0016637127846479416,
    0.008768012979999185,
    0.00028877524891868234,
    0.002838495944160968,
    0.0009111881372518837,
    0.00015735584747744724,
    0.002170191379263997,
    4.303352852730313e-05,
    3.199342972948216e-05
  ]
}