{
  "stage": "reaction",
  "epochs_trained": 5000,
  "time_seconds": 4664.792751073837,
  "time_minutes": 77.74654585123062,
  "time_hours": 1.295775764187177
}