{
  "epochs": [
    0,
    500,
    1000,
    1500,
    2000,
    2500,
    3000,
    3500,
    4000,
    4500
  ],
  "train_loss": [
    0.01979056265554391,
    1.124871064916988e-05,
    1.0222826233530213e-05,
    1.1939929152049444e-05,
    1.1907183932180487e-05,
    1.1842523122140847e-05,
    1.1760864182974728e-05,
    1.1372616228300103e-05,
    1.1266994192737911e-05,
    1.1463225035868163e-05
  ],
  "val_loss": [
    0.030120164155960083,
    1.1079519708800944e-05,
    1.0681730373107712e-05,
    1.1991501196462195e-05,
    1.183872473120573e-05,
    1.1936629562114831e-05,
    1.1928463209187612e-05,
    1.1749061286536744e-05,
    1.104865600609628e-05,
    1.0442554412293248e-05
  ]
}