{
  "epochs": [
    0,
    500,
    1000,
    1500,
    2000,
    2500,
    3000,
    3500,
    4000,
    4500
  ],
  "train_loss": [
    0.13125759467948228,
    1.5554571916709392e-05,
    1.2006508512740766e-05,
    1.2205680775423389e-05,
    1.2095679124968228e-05,
    1.1797277494451919e-05,
    1.2472750000824817e-05,
    1.1952723070862703e-05,
    1.195196378489527e-05,
    1.1993149797717706e-05
  ],
  "val_loss": [
    0.012023016577586532,
    1.1994989108643495e-05,
    1.1994182386843022e-05,
    1.1999602293144562e-05,
    1.1996427474514348e-05,
    1.199999610435043e-05,
    1.1999991556876921e-05,
    1.1999979960819473e-05,
    1.199999314849265e-05,
    1.1995850627499749e-05
  ]
}