{
  "stage": "transport",
  "epochs_trained": 5000,
  "time_seconds": 4860.548918962479,
  "time_minutes": 81.00914864937464,
  "time_hours": 1.3501524774895775
}